"subject_id","X1","X2","X3","X4","X5","X6","X7","X8","X9","X10","X11","X12"
0,1.860936,-0.207383,0.261557,-0.214562,-0.171253,-0.118167,-0.277557,0.025668,0.126701,-0.306756,-0.213076,0.088728
0,1.891651,-0.193249,0.235363,-0.249118,-0.11289,-0.112238,-0.311997,-0.027122,0.171457,-0.289431,-0.247722,0.093011
0,1.939205,-0.239664,0.258561,-0.291458,-0.041053,-0.102034,-0.3833,0.019013,0.16951,-0.314894,-0.227908,0.074638
0,1.717517,-0.218572,0.217119,-0.228186,-0.018608,-0.137624,-0.403318,-0.009643,0.164607,-0.323267,-0.210105,0.098098
0,1.741191,-0.279891,0.196583,-0.236377,-0.032012,-0.090612,-0.363134,-0.012571,0.124298,-0.351171,-0.216545,0.113899
0,1.684695,-0.311977,0.195453,-0.23197,-0.06867,-0.003822,-0.34194,-0.008826,0.085097,-0.364329,-0.204794,0.101838
0,1.637373,-0.336227,0.152766,-0.223842,-0.026278,-0.009157,-0.363866,-0.003117,0.055479,-0.358107,-0.181643,0.082056
